<RESULT>
  <TITLE>SCENE I.  Rome. A street.</TITLE>
  <TITLE>SCENE II.  A public place.</TITLE>
  <TITLE>SCENE III.  The same. A street.</TITLE>
  <TITLE>SCENE I.  Rome. BRUTUS's orchard.</TITLE>
  <TITLE>SCENE II.  CAESAR's house.</TITLE>
  <TITLE>SCENE III.  A street near the Capitol.</TITLE>
  <TITLE>SCENE IV.  Another part of the same street, before the house of BRUTUS.</TITLE>
  <TITLE>SCENE I.  Rome. Before the Capitol; the Senate sitting above.</TITLE>
  <TITLE>SCENE II.  The Forum.</TITLE>
  <TITLE>SCENE III.  A street.</TITLE>
  <TITLE>SCENE I.  A house in Rome.</TITLE>
  <TITLE>SCENE II.  Camp near Sardis. Before BRUTUS's tent.</TITLE>
  <TITLE>SCENE III.  Brutus's tent.</TITLE>
  <TITLE>SCENE I.  The plains of Philippi.</TITLE>
  <TITLE>SCENE II.  The same. The field of battle.</TITLE>
  <TITLE>SCENE III.  Another part of the field.</TITLE>
  <TITLE>SCENE IV.  Another part of the field.</TITLE>
  <TITLE>SCENE V.  Another part of the field.</TITLE>
</RESULT>
